经度,纬度,时间,日期,海拔,速度,卫星
11141.856,4047.533,013238,17年05月10日,1108,22千米/时,05颗
11141.852,4047.532,013239,17年05月10日,1106,20千米/时,05颗
11141.852,4047.532,013239,17年05月10日,1106,20千米/时,05颗
11141.837,4047.557,013241,17年05月10日,1181,22千米/时,06颗
11141.830,4047.563,013242,17年05月10日,1199,22千米/时,06颗
11141.826,4047.561,013243,17年05月10日,1195,25千米/时,06颗
11141.821,4047.560,013244,17年05月10日,1194,25千米/时,06颗
11141.815,4047.559,013245,17年05月10日,1192,25千米/时,06颗
11141.810,4047.560,013246,17年05月10日,1194,25千米/时,06颗
11141.806,4047.558,013247,17年05月10日,1195,24千米/时,06颗
11141.800,4047.558,013248,17年05月10日,1196,25千米/时,06颗
11141.796,4047.555,013249,17年05月10日,1184,25千米/时,07颗
11141.791,4047.551,013250,17年05月10日,1174,25千米/时,07颗
11141.787,4047.549,013251,17年05月10日,1167,22千米/时,07颗
11141.783,4047.547,013252,17年05月10日,1162,20千米/时,08颗
11141.779,4047.548,013253,17年05月10日,1159,18千米/时,08颗
11141.776,4047.547,013254,17年05月10日,1151,16千米/时,08颗
11141.771,4047.547,013255,17年05月10日,1147,16千米/时,08颗
11141.769,4047.549,013256,17年05月10日,1147,20千米/时,08颗
11141.767,4047.552,013257,17年05月10日,1147,24千米/时,08颗
11141.766,4047.556,013258,17年05月10日,1146,29千米/时,08颗
11141.764,4047.560,013259,17年05月10日,1145,33千米/时,08颗
11141.762,4047.565,013300,17年05月10日,1144,37千米/时,08颗
11141.759,4047.571,013301,17年05月10日,1144,40千米/时,08颗
11141.757,4047.577,013302,17年05月10日,1143,40千米/时,08颗
11141.754,4047.583,013303,17年05月10日,1142,42千米/时,08颗
11141.751,4047.589,013304,17年05月10日,1142,40千米/时,08颗
11141.748,4047.595,013305,17年05月10日,1142,40千米/时,08颗
11141.746,4047.601,013306,17年05月10日,1142,38千米/时,08颗
11141.743,4047.607,013307,17年05月10日,1142,38千米/时,08颗
11141.741,4047.613,013308,17年05月10日,1141,37千米/时,08颗
11141.738,4047.618,013309,17年05月10日,1142,33千米/时,08颗
11141.737,4047.623,013310,17年05月10日,1141,29千米/时,08颗
11141.735,4047.627,013311,17年05月10日,1140,25千米/时,09颗
11141.734,4047.631,013312,17年05月10日,1140,24千米/时,09颗
11141.733,4047.634,013313,17年05月10日,1139,20千米/时,09颗
11141.732,4047.637,013314,17年05月10日,1139,16千米/时,09颗
11141.731,4047.639,013315,17年05月10日,1139,14千米/时,10颗
11141.730,4047.641,013316,17年05月10日,1140,12千米/时,08颗
11141.730,4047.643,013317,17年05月10日,1139,12千米/时,08颗
11141.729,4047.645,013318,17年05月10日,1139,11千米/时,08颗
11141.728,4047.646,013319,17年05月10日,1138,9千米/时,08颗
11141.728,4047.647,013320,17年05月10日,1137,5千米/时,08颗
11141.727,4047.648,013321,17年05月10日,1137,3千米/时,08颗
11141.727,4047.648,013322,17年05月10日,1136,1千米/时,08颗
11141.727,4047.648,013323,17年05月10日,1135,0千米/时,09颗
11141.727,4047.648,013324,17年05月10日,1135,0千米/时,09颗
11141.721,4047.617,013325,17年05月10日,1132,1千米/时,10颗
11141.720,4047.617,013326,17年05月10日,1128,1千米/时,09颗
11141.721,4047.617,013327,17年05月10日,1122,1千米/时,09颗
11141.722,4047.618,013328,17年05月10日,1119,1千米/时,09颗
11141.722,4047.618,013329,17年05月10日,1115,1千米/时,09颗
11141.723,4047.618,013330,17年05月10日,1113,0千米/时,09颗
11141.726,4047.617,013331,17年05月10日,1101,0千米/时,10颗
11141.728,4047.616,013332,17年05月10日,1092,0千米/时,10颗
11141.734,4047.617,013333,17年05月10日,1071,0千米/时,10颗
11141.736,4047.617,013334,17年05月10日,1063,0千米/时,10颗
11141.736,4047.617,013335,17年05月10日,1062,0千米/时,10颗
11141.736,4047.618,013336,17年05月10日,1061,0千米/时,10颗
11141.736,4047.618,013337,17年05月10日,1060,0千米/时,10颗
11141.735,4047.619,013338,17年05月10日,1060,0千米/时,10颗
11141.735,4047.620,013339,17年05月10日,1059,0千米/时,10颗
11141.735,4047.620,013340,17年05月10日,1058,0千米/时,09颗
11141.735,4047.621,013341,17年05月10日,1058,0千米/时,09颗
11141.735,4047.621,013342,17年05月10日,1058,0千米/时,09颗
11141.735,4047.621,013343,17年05月10日,1058,0千米/时,09颗
11141.735,4047.621,013344,17年05月10日,1058,0千米/时,09颗
11141.735,4047.621,013345,17年05月10日,1058,0千米/时,09颗
11141.735,4047.621,013346,17年05月10日,1058,0千米/时,09颗
11141.735,4047.621,013347,17年05月10日,1058,0千米/时,09颗
11141.735,4047.621,013348,17年05月10日,1058,0千米/时,09颗
11141.735,4047.621,013349,17年05月10日,1058,0千米/时,09颗
11141.735,4047.621,013350,17年05月10日,1058,0千米/时,09颗
11141.735,4047.621,013351,17年05月10日,1058,0千米/时,09颗
11141.735,4047.621,013352,17年05月10日,1058,0千米/时,09颗
11141.735,4047.621,013353,17年05月10日,1058,0千米/时,09颗
11141.735,4047.621,013354,17年05月10日,1058,0千米/时,09颗
11141.735,4047.621,013355,17年05月10日,1058,0千米/时,09颗
11141.735,4047.621,013356,17年05月10日,1058,0千米/时,09颗
11141.735,4047.621,013357,17年05月10日,1058,0千米/时,10颗
11141.735,4047.621,013358,17年05月10日,1058,0千米/时,10颗
11141.735,4047.621,013359,17年05月10日,1058,0千米/时,10颗
11141.735,4047.621,013400,17年05月10日,1058,0千米/时,10颗
11141.735,4047.621,013401,17年05月10日,1058,0千米/时,09颗
11141.735,4047.621,013402,17年05月10日,1058,0千米/时,09颗
11141.735,4047.621,013403,17年05月10日,1058,0千米/时,09颗
11141.735,4047.621,013404,17年05月10日,1058,0千米/时,09颗
11141.735,4047.621,013405,17年05月10日,1058,0千米/时,09颗
11141.735,4047.621,013406,17年05月10日,1058,0千米/时,09颗
11141.735,4047.621,013407,17年05月10日,1058,0千米/时,09颗
11141.735,4047.621,013408,17年05月10日,1058,0千米/时,09颗
11141.734,4047.622,013409,17年05月10日,1058,0千米/时,09颗
11141.734,4047.622,013410,17年05月10日,1058,0千米/时,09颗
11141.734,4047.623,013411,17年05月10日,1058,1千米/时,10颗
11141.734,4047.623,013412,17年05月10日,1058,1千米/时,10颗
11141.734,4047.623,013413,17年05月10日,1058,1千米/时,10颗
11141.734,4047.624,013414,17年05月10日,1058,3千米/时,10颗
11141.733,4047.624,013415,17年05月10日,1058,5千米/时,10颗
11141.733,4047.626,013416,17年05月10日,1058,1千米/时,10颗
11141.733,4047.626,013417,17年05月10日,1058,0千米/时,10颗
11141.733,4047.627,013418,17年05月10日,1058,0千米/时,10颗
11141.733,4047.627,013419,17年05月10日,1058,0千米/时,10颗
11141.733,4047.627,013420,17年05月10日,1058,0千米/时,09颗
11141.733,4047.627,013421,17年05月10日,1058,0千米/时,09颗
11141.733,4047.627,013422,17年05月10日,1058,0千米/时,09颗
11141.733,4047.627,013423,17年05月10日,1058,0千米/时,08颗
11141.733,4047.627,013424,17年05月10日,1058,0千米/时,10颗
11141.733,4047.627,013425,17年05月10日,1058,0千米/时,09颗
11141.733,4047.627,013426,17年05月10日,1058,0千米/时,09颗
11141.733,4047.627,013427,17年05月10日,1058,0千米/时,09颗
11141.733,4047.627,013428,17年05月10日,1058,0千米/时,10颗
11141.733,4047.627,013429,17年05月10日,1058,0千米/时,10颗
11141.733,4047.627,013430,17年05月10日,1058,0千米/时,10颗
11141.733,4047.627,013431,17年05月10日,1058,0千米/时,10颗
11141.733,4047.627,013432,17年05月10日,1058,0千米/时,10颗
11141.733,4047.627,013433,17年05月10日,1058,0千米/时,10颗
11141.733,4047.627,013434,17年05月10日,1058,0千米/时,10颗
11141.733,4047.627,013435,17年05月10日,1058,0千米/时,10颗
11141.733,4047.627,013436,17年05月10日,1058,0千米/时,10颗
11141.733,4047.627,013437,17年05月10日,1058,0千米/时,10颗
11141.733,4047.627,013438,17年05月10日,1058,0千米/时,10颗
11141.733,4047.627,013439,17年05月10日,1058,0千米/时,10颗
11141.733,4047.627,013440,17年05月10日,1058,0千米/时,10颗
11141.733,4047.627,013441,17年05月10日,1057,0千米/时,10颗
11141.733,4047.627,013442,17年05月10日,1057,0千米/时,10颗
11141.733,4047.627,013443,17年05月10日,1057,0千米/时,10颗
11141.732,4047.628,013444,17年05月10日,1058,1千米/时,10颗
11141.732,4047.628,013445,17年05月10日,1057,1千米/时,10颗
11141.732,4047.628,013446,17年05月10日,1057,1千米/时,10颗
11141.731,4047.629,013447,17年05月10日,1057,3千米/时,09颗
11141.731,4047.630,013448,17年05月10日,1057,7千米/时,09颗
11141.729,4047.631,013449,17年05月10日,1057,9千米/时,09颗
11141.729,4047.633,013450,17年05月10日,1057,12千米/时,09颗
11141.727,4047.635,013451,17年05月10日,1058,12千米/时,09颗
11141.726,4047.637,013452,17年05月10日,1058,14千米/时,09颗
11141.724,4047.640,013453,17年05月10日,1058,16千米/时,09颗
11141.722,4047.642,013454,17年05月10日,1058,16千米/时,09颗
11141.721,4047.645,013455,17年05月10日,1058,14千米/时,09颗
11141.720,4047.647,013456,17年05月10日,1058,16千米/时,09颗
11141.719,4047.649,013457,17年05月10日,1058,14千米/时,09颗
11141.718,4047.651,013458,17年05月10日,1058,14千米/时,09颗
11141.717,4047.654,013459,17年05月10日,1058,18千米/时,10颗
11141.716,4047.657,013500,17年05月10日,1058,20千米/时,10颗
11141.715,4047.660,013501,17年05月10日,1057,22千米/时,10颗
11141.714,4047.664,013502,17年05月10日,1057,22千米/时,10颗
11141.713,4047.667,013503,17年05月10日,1057,22千米/时,10颗
11141.711,4047.670,013504,17年05月10日,1058,22千米/时,09颗
11141.709,4047.674,013505,17年05月10日,1057,22千米/时,10颗
11141.708,4047.677,013506,17年05月10日,1057,22千米/时,09颗
11141.707,4047.680,013507,17年05月10日,1057,20千米/时,09颗
11141.705,4047.683,013508,17年05月10日,1057,20千米/时,09颗
11141.704,4047.686,013509,17年05月10日,1057,16千米/时,09颗
11141.704,4047.688,013510,17年05月10日,1058,14千米/时,09颗
11141.703,4047.690,013511,17年05月10日,1058,16千米/时,09颗
11141.702,4047.693,013512,17年05月10日,1057,16千米/时,09颗
11141.701,4047.695,013513,17年05月10日,1057,14千米/时,09颗
11141.701,4047.697,013514,17年05月10日,1057,11千米/时,09颗
11141.700,4047.699,013515,17年05月10日,1057,9千米/时,09颗
11141.700,4047.700,013516,17年05月10日,1056,7千米/时,09颗
11141.699,4047.701,013517,17年05月10日,1056,3千米/时,09颗
11141.700,4047.702,013518,17年05月10日,1056,3千米/时,09颗
11141.700,4047.702,013519,17年05月10日,1057,3千米/时,09颗
11141.701,4047.703,013520,17年05月10日,1057,5千米/时,09颗
11141.700,4047.704,013521,17年05月10日,1057,9千米/时,08颗
11141.700,4047.706,013522,17年05月10日,1057,16千米/时,08颗
11141.699,4047.710,013523,17年05月10日,1057,24千米/时,08颗
11141.698,4047.713,013524,17年05月10日,1057,24千米/时,08颗
11141.697,4047.716,013525,17年05月10日,1057,16千米/时,08颗
11141.696,4047.718,013526,17年05月10日,1057,7千米/时,08颗
11141.696,4047.719,013527,17年05月10日,1057,0千米/时,08颗
11141.696,4047.719,013528,17年05月10日,1057,0千米/时,08颗
11141.695,4047.719,013529,17年05月10日,1057,0千米/时,08颗
11141.695,4047.719,013530,17年05月10日,1057,0千米/时,07颗
11141.695,4047.719,013531,17年05月10日,1057,0千米/时,08颗
11141.695,4047.719,013532,17年05月10日,1057,0千米/时,08颗
11141.695,4047.719,013533,17年05月10日,1057,0千米/时,08颗
11141.695,4047.719,013534,17年05月10日,1057,0千米/时,08颗
11141.695,4047.719,013535,17年05月10日,1057,0千米/时,07颗
11141.695,4047.719,013536,17年05月10日,1057,0千米/时,07颗
11141.695,4047.719,013537,17年05月10日,1057,0千米/时,07颗
11141.695,4047.719,013538,17年05月10日,1057,0千米/时,07颗
11141.695,4047.719,013539,17年05月10日,1057,0千米/时,07颗
11141.695,4047.719,013540,17年05月10日,1057,0千米/时,07颗
11141.695,4047.719,013541,17年05月10日,1057,0千米/时,07颗
11141.695,4047.719,013542,17年05月10日,1057,0千米/时,07颗
11141.695,4047.719,013543,17年05月10日,1057,0千米/时,07颗
11141.695,4047.719,013544,17年05月10日,1057,0千米/时,07颗
11141.695,4047.719,013545,17年05月10日,1057,0千米/时,07颗
11141.695,4047.719,013546,17年05月10日,1057,0千米/时,07颗
11141.695,4047.719,013547,17年05月10日,1057,0千米/时,07颗
11141.695,4047.719,013548,17年05月10日,1057,0千米/时,07颗
11141.695,4047.719,013549,17年05月10日,1057,0千米/时,07颗
11141.695,4047.719,013550,17年05月10日,1057,0千米/时,07颗
11141.695,4047.719,013551,17年05月10日,1057,0千米/时,07颗
11141.695,4047.719,013552,17年05月10日,1057,0千米/时,07颗
11141.695,4047.719,013553,17年05月10日,1057,0千米/时,07颗
11141.695,4047.719,013554,17年05月10日,1057,0千米/时,08颗
11141.695,4047.719,013555,17年05月10日,1057,0千米/时,08颗
11141.695,4047.719,013556,17年05月10日,1057,0千米/时,08颗
11141.695,4047.719,013557,17年05月10日,1057,0千米/时,08颗
11141.695,4047.719,013558,17年05月10日,1057,0千米/时,08颗
11141.695,4047.719,013559,17年05月10日,1057,0千米/时,08颗
11141.695,4047.719,013600,17年05月10日,1057,0千米/时,09颗
11141.695,4047.719,013601,17年05月10日,1057,0千米/时,09颗
11141.695,4047.719,013602,17年05月10日,1057,0千米/时,09颗
11141.695,4047.719,013603,17年05月10日,1057,0千米/时,08颗
11141.695,4047.719,013604,17年05月10日,1057,0千米/时,08颗
11141.695,4047.719,013605,17年05月10日,1057,0千米/时,08颗
11141.695,4047.719,013606,17年05月10日,1057,0千米/时,08颗
11141.695,4047.719,013607,17年05月10日,1057,0千米/时,08颗
11141.695,4047.719,013608,17年05月10日,1057,0千米/时,08颗
11141.695,4047.719,013609,17年05月10日,1057,0千米/时,08颗
11141.695,4047.719,013610,17年05月10日,1057,0千米/时,08颗
11141.695,4047.719,013611,17年05月10日,1057,0千米/时,08颗
11141.695,4047.719,013612,17年05月10日,1057,0千米/时,08颗
11141.695,4047.719,013613,17年05月10日,1057,0千米/时,08颗
11141.695,4047.719,013614,17年05月10日,1057,0千米/时,08颗
11141.695,4047.719,013615,17年05月10日,1057,0千米/时,08颗
11141.695,4047.719,013616,17年05月10日,1057,0千米/时,08颗
11141.695,4047.719,013617,17年05月10日,1057,0千米/时,08颗
11141.695,4047.719,013618,17年05月10日,1057,0千米/时,08颗
11141.695,4047.719,013619,17年05月10日,1057,0千米/时,08颗
11141.695,4047.719,013620,17年05月10日,1057,0千米/时,08颗
11141.695,4047.719,013621,17年05月10日,1057,0千米/时,08颗
11141.695,4047.719,013622,17年05月10日,1057,0千米/时,08颗
11141.695,4047.719,013623,17年05月10日,1057,0千米/时,08颗
11141.695,4047.719,013624,17年05月10日,1057,0千米/时,09颗
11141.695,4047.719,013625,17年05月10日,1057,0千米/时,08颗
11141.695,4047.719,013626,17年05月10日,1057,0千米/时,09颗
11141.695,4047.719,013627,17年05月10日,1057,0千米/时,09颗
11141.695,4047.719,013628,17年05月10日,1057,0千米/时,09颗
11141.695,4047.719,013629,17年05月10日,1057,0千米/时,09颗
11141.695,4047.719,013630,17年05月10日,1057,0千米/时,10颗
11141.695,4047.719,013631,17年05月10日,1057,0千米/时,09颗
11141.695,4047.719,013632,17年05月10日,1057,0千米/时,09颗
11141.695,4047.719,013633,17年05月10日,1057,0千米/时,09颗
11141.695,4047.719,013634,17年05月10日,1057,0千米/时,09颗
11141.695,4047.719,013635,17年05月10日,1057,0千米/时,09颗
11141.695,4047.719,013636,17年05月10日,1057,0千米/时,09颗
11141.695,4047.719,013637,17年05月10日,1057,0千米/时,09颗
11141.695,4047.719,013638,17年05月10日,1057,0千米/时,09颗
11141.695,4047.719,013639,17年05月10日,1057,0千米/时,09颗
11141.695,4047.719,013640,17年05月10日,1057,0千米/时,09颗
11141.695,4047.719,013641,17年05月10日,1057,0千米/时,09颗
11141.695,4047.719,013642,17年05月10日,1057,0千米/时,09颗
11141.695,4047.719,013643,17年05月10日,1057,0千米/时,09颗
11141.695,4047.719,013644,17年05月10日,1057,0千米/时,09颗
11141.695,4047.719,013645,17年05月10日,1057,0千米/时,09颗
11141.695,4047.719,013646,17年05月10日,1057,0千米/时,09颗
11141.695,4047.719,013647,17年05月10日,1057,0千米/时,10颗
11141.695,4047.719,013648,17年05月10日,1057,0千米/时,10颗
11141.695,4047.719,013649,17年05月10日,1057,0千米/时,10颗
11141.695,4047.719,013650,17年05月10日,1057,0千米/时,10颗
11141.695,4047.719,013651,17年05月10日,1057,0千米/时,10颗
11141.695,4047.719,013652,17年05月10日,1057,0千米/时,10颗
11141.695,4047.719,013653,17年05月10日,1057,0千米/时,10颗
11141.695,4047.719,013654,17年05月10日,1057,0千米/时,10颗
11141.695,4047.719,013655,17年05月10日,1057,0千米/时,10颗
11141.695,4047.719,013656,17年05月10日,1057,0千米/时,10颗
11141.695,4047.719,013657,17年05月10日,1057,0千米/时,10颗
11141.695,4047.719,013658,17年05月10日,1057,0千米/时,10颗
11141.695,4047.719,013659,17年05月10日,1057,0千米/时,10颗
11141.695,4047.719,013700,17年05月10日,1057,0千米/时,10颗
11141.695,4047.719,013701,17年05月10日,1057,0千米/时,10颗
11141.695,4047.719,013702,17年05月10日,1057,0千米/时,10颗
11141.695,4047.719,013703,17年05月10日,1057,0千米/时,10颗
11141.695,4047.719,013704,17年05月10日,1057,0千米/时,10颗
11141.691,4047.722,013705,17年05月10日,1053,5千米/时,09颗
11141.690,4047.724,013706,17年05月10日,1053,12千米/时,10颗
11141.688,4047.726,013707,17年05月10日,1054,20千米/时,10颗
11141.687,4047.730,013708,17年05月10日,1054,24千米/时,10颗
11141.685,4047.733,013709,17年05月10日,1054,25千米/时,10颗
11141.682,4047.737,013710,17年05月10日,1054,27千米/时,10颗
11141.680,4047.742,013711,17年05月10日,1054,29千米/时,10颗
11141.678,4047.746,013712,17年05月10日,1054,29千米/时,10颗
11141.676,4047.750,013713,17年05月10日,1055,31千米/时,10颗
11141.673,4047.755,013714,17年05月10日,1055,33千米/时,10颗
11141.670,4047.760,013715,17年05月10日,1056,35千米/时,09颗
11141.668,4047.765,013716,17年05月10日,1056,37千米/时,10颗
11141.665,4047.770,013717,17年05月10日,1056,37千米/时,09颗
11141.663,4047.776,013718,17年05月10日,1056,37千米/时,09颗
11141.660,4047.781,013719,17年05月10日,1057,37千米/时,09颗
11141.658,4047.787,013720,17年05月10日,1057,38千米/时,10颗
11141.656,4047.793,013721,17年05月10日,1057,40千米/时,10颗
11141.653,4047.800,013722,17年05月10日,1058,42千米/时,10颗
11141.650,4047.806,013723,17年05月10日,1059,42千米/时,10颗
11141.648,4047.813,013724,17年05月10日,1059,42千米/时,09颗
11141.646,4047.818,013725,17年05月10日,1060,37千米/时,10颗
11141.645,4047.823,013726,17年05月10日,1060,27千米/时,09颗
11141.644,4047.827,013727,17年05月10日,1060,22千米/时,10颗
11141.642,4047.830,013728,17年05月10日,1060,18千米/时,10颗
11141.641,4047.832,013729,17年05月10日,1060,14千米/时,10颗
11141.640,4047.834,013730,17年05月10日,1060,11千米/时,10颗
11141.639,4047.836,013731,17年05月10日,1061,11千米/时,09颗
11141.638,4047.838,013732,17年05月10日,1061,14千米/时,10颗
11141.637,4047.840,013733,17年05月10日,1061,20千米/时,09颗
11141.635,4047.844,013734,17年05月10日,1061,25千米/时,10颗
11141.633,4047.848,013735,17年05月10日,1061,27千米/时,09颗
11141.630,4047.853,013736,17年05月10日,1061,31千米/时,09颗
11141.628,4047.857,013737,17年05月10日,1061,33千米/时,09颗
11141.626,4047.862,013738,17年05月10日,1061,33千米/时,09颗
11141.623,4047.867,013739,17年05月10日,1061,35千米/时,09颗
11141.621,4047.873,013740,17年05月10日,1062,33千米/时,09颗
11141.619,4047.878,013741,17年05月10日,1062,33千米/时,09颗
11141.617,4047.883,013742,17年05月10日,1062,35千米/时,10颗
11141.615,4047.889,013743,17年05月10日,1062,35千米/时,10颗
11141.612,4047.894,013744,17年05月10日,1062,35千米/时,10颗
11141.610,4047.899,013745,17年05月10日,1062,35千米/时,09颗
11141.607,4047.904,013746,17年05月10日,1062,33千米/时,10颗
11141.605,4047.909,013747,17年05月10日,1062,35千米/时,10颗
11141.603,4047.914,013748,17年05月10日,1062,31千米/时,10颗
11141.601,4047.919,013749,17年05月10日,1062,29千米/时,10颗
11141.599,4047.923,013750,17年05月10日,1063,27千米/时,10颗
11141.597,4047.927,013751,17年05月10日,1063,25千米/时,10颗
11141.594,4047.930,013752,17年05月10日,1064,24千米/时,09颗
11141.593,4047.934,013753,17年05月10日,1064,22千米/时,09颗
11141.591,4047.937,013754,17年05月10日,1064,20千米/时,09颗
11141.590,4047.939,013755,17年05月10日,1064,16千米/时,09颗
11141.589,4047.942,013756,17年05月10日,1063,16千米/时,09颗
11141.587,4047.945,013757,17年05月10日,1063,18千米/时,09颗
11141.587,4047.947,013758,17年05月10日,1063,18千米/时,10颗
11141.586,4047.950,013759,17年05月10日,1063,14千米/时,10颗
11141.586,4047.952,013800,17年05月10日,1062,12千米/时,10颗
11141.585,4047.955,013801,17年05月10日,1062,14千米/时,10颗
11141.584,4047.957,013802,17年05月10日,1062,16千米/时,10颗
11141.583,4047.959,013803,17年05月10日,1062,14千米/时,10颗
11141.582,4047.961,013804,17年05月10日,1062,11千米/时,10颗
11141.582,4047.963,013805,17年05月10日,1062,7千米/时,10颗
11141.581,4047.964,013806,17年05月10日,1062,5千米/时,10颗
11141.582,4047.964,013807,17年05月10日,1063,3千米/时,10颗
11141.581,4047.965,013808,17年05月10日,1063,0千米/时,10颗
11141.581,4047.965,013809,17年05月10日,1063,0千米/时,10颗
11141.580,4047.966,013810,17年05月10日,1064,0千米/时,10颗
11141.580,4047.966,013811,17年05月10日,1064,0千米/时,10颗
11141.580,4047.966,013812,17年05月10日,1064,0千米/时,09颗
11141.580,4047.966,013813,17年05月10日,1064,0千米/时,09颗
11141.580,4047.966,013814,17年05月10日,1064,0千米/时,09颗
11141.580,4047.966,013815,17年05月10日,1064,0千米/时,09颗
11141.580,4047.966,013816,17年05月10日,1064,0千米/时,09颗
11141.580,4047.966,013817,17年05月10日,1064,0千米/时,09颗
11141.580,4047.966,013818,17年05月10日,1064,0千米/时,09颗
11141.580,4047.967,013819,17年05月10日,1064,1千米/时,09颗
11141.579,4047.967,013820,17年05月10日,1064,3千米/时,09颗
11141.579,4047.969,013821,17年05月10日,1064,3千米/时,10颗
11141.579,4047.970,013822,17年05月10日,1064,3千米/时,10颗
11141.578,4047.970,013823,17年05月10日,1064,0千米/时,10颗
11141.578,4047.970,013824,17年05月10日,1064,0千米/时,10颗
11141.578,4047.971,013825,17年05月10日,1064,0千米/时,10颗
11141.578,4047.971,013826,17年05月10日,1064,0千米/时,10颗
11141.578,4047.971,013827,17年05月10日,1064,0千米/时,10颗
11141.578,4047.971,013828,17年05月10日,1064,0千米/时,10颗
11141.578,4047.971,013829,17年05月10日,1064,0千米/时,10颗
11141.578,4047.971,013830,17年05月10日,1064,0千米/时,10颗
11141.578,4047.971,013831,17年05月10日,1064,0千米/时,10颗
11141.578,4047.971,013832,17年05月10日,1064,0千米/时,10颗
11141.578,4047.971,013833,17年05月10日,1064,0千米/时,10颗
11141.578,4047.971,013834,17年05月10日,1064,0千米/时,10颗
11141.578,4047.971,013835,17年05月10日,1064,0千米/时,10颗
11141.578,4047.971,013836,17年05月10日,1064,0千米/时,10颗
11141.578,4047.972,013837,17年05月10日,1064,1千米/时,10颗
11141.578,4047.972,013838,17年05月10日,1064,1千米/时,10颗
11141.578,4047.973,013839,17年05月10日,1064,1千米/时,10颗
11141.577,4047.973,013840,17年05月10日,1064,1千米/时,10颗
11141.577,4047.974,013841,17年05月10日,1064,1千米/时,10颗
11141.577,4047.974,013842,17年05月10日,1064,1千米/时,09颗
11141.577,4047.975,013843,17年05月10日,1064,1千米/时,09颗
11141.577,4047.975,013844,17年05月10日,1064,0千米/时,09颗
11141.577,4047.975,013845,17年05月10日,1064,0千米/时,10颗
11141.577,4047.975,013846,17年05月10日,1063,0千米/时,09颗
11141.577,4047.975,013847,17年05月10日,1063,0千米/时,09颗
11141.577,4047.976,013848,17年05月10日,1063,0千米/时,09颗
11141.577,4047.976,013849,17年05月10日,1063,1千米/时,09颗
11141.577,4047.976,013850,17年05月10日,1063,0千米/时,10颗
11141.577,4047.976,013851,17年05月10日,1063,0千米/时,08颗
11141.577,4047.976,013852,17年05月10日,1063,0千米/时,09颗
11141.577,4047.976,013853,17年05月10日,1063,0千米/时,09颗
11141.577,4047.976,013854,17年05月10日,1063,0千米/时,09颗
11141.577,4047.976,013855,17年05月10日,1063,0千米/时,09颗
11141.577,4047.976,013856,17年05月10日,1063,0千米/时,09颗
11141.577,4047.976,013857,17年05月10日,1063,0千米/时,09颗
11141.577,4047.976,013858,17年05月10日,1063,0千米/时,09颗
11141.577,4047.976,013859,17年05月10日,1063,0千米/时,10颗
11141.577,4047.976,013900,17年05月10日,1063,0千米/时,10颗
11141.577,4047.976,013901,17年05月10日,1063,0千米/时,10颗
11141.577,4047.976,013902,17年05月10日,1063,0千米/时,10颗
11141.577,4047.976,013903,17年05月10日,1063,0千米/时,10颗
11141.577,4047.976,013904,17年05月10日,1063,0千米/时,10颗
11141.577,4047.976,013905,17年05月10日,1063,0千米/时,10颗
11141.577,4047.976,013906,17年05月10日,1063,0千米/时,09颗
11141.577,4047.976,013907,17年05月10日,1063,0千米/时,09颗
11141.577,4047.976,013908,17年05月10日,1063,0千米/时,10颗
11141.577,4047.976,013909,17年05月10日,1063,0千米/时,10颗
11141.577,4047.976,013910,17年05月10日,1063,0千米/时,10颗
11141.577,4047.976,013911,17年05月10日,1063,0千米/时,10颗
11141.577,4047.976,013912,17年05月10日,1063,0千米/时,10颗
11141.576,4047.977,013913,17年05月10日,1063,3千米/时,10颗
11141.575,4047.978,013914,17年05月10日,1063,11千米/时,10颗
11141.574,4047.981,013915,17年05月10日,1063,14千米/时,09颗
11141.573,4047.983,013916,17年05月10日,1063,16千米/时,10颗
11141.572,4047.986,013917,17年05月10日,1063,20千米/时,10颗
11141.570,4047.990,013918,17年05月10日,1063,22千米/时,10颗
11141.569,4047.993,013919,17年05月10日,1063,20千米/时,10颗
11141.567,4047.996,013920,17年05月10日,1063,18千米/时,10颗
11141.566,4047.998,013921,17年05月10日,1063,14千米/时,10颗
11141.565,4048.000,013922,17年05月10日,1064,11千米/时,10颗
11141.564,4048.002,013923,17年05月10日,1064,12千米/时,10颗
11141.562,4048.005,013924,17年05月10日,1065,16千米/时,10颗
11141.560,4048.007,013925,17年05月10日,1066,16千米/时,10颗
11141.559,4048.010,013926,17年05月10日,1066,18千米/时,10颗
11141.557,4048.013,013927,17年05月10日,1067,22千米/时,10颗
11141.555,4048.016,013928,17年05月10日,1067,24千米/时,10颗
11141.554,4048.020,013929,17年05月10日,1068,25千米/时,10颗
11141.552,4048.024,013930,17年05月10日,1069,25千米/时,10颗
11141.550,4048.028,013931,17年05月10日,1069,25千米/时,10颗
11141.550,4048.028,013931,17年05月10日,1069,25千米/时,10颗
11141.549,4048.031,013932,17年05月10日,1069,22千米/时,10颗
11141.547,4048.034,013933,17年05月10日,1069,16千米/时,10颗
11141.546,4048.037,013934,17年05月10日,1069,12千米/时,10颗
11141.545,4048.039,013935,17年05月10日,1068,14千米/时,09颗
11141.544,4048.042,013936,17年05月10日,1069,18千米/时,10颗
11141.543,4048.045,013937,17年05月10日,1069,18千米/时,09颗
11141.541,4048.047,013938,17年05月10日,1068,20千米/时,09颗
11141.540,4048.051,013939,17年05月10日,1068,22千米/时,09颗
11141.538,4048.054,013940,17年05月10日,1067,25千米/时,09颗
11141.535,4048.058,013941,17年05月10日,1067,29千米/时,08颗
11141.533,4048.063,013942,17年05月10日,1067,31千米/时,09颗
11141.529,4048.072,013944,17年05月10日,1067,27千米/时,09颗
11141.527,4048.076,013945,17年05月10日,1067,29千米/时,09颗
11141.526,4048.081,013946,17年05月10日,1068,31千米/时,09颗
11141.526,4048.081,013946,17年05月10日,1068,31千米/时,09颗
11141.523,4048.092,013948,17年05月10日,1068,35千米/时,08颗
11141.523,4048.092,013948,17年05月10日,1069,35千米/时,08颗
11141.519,4048.103,013950,17年05月10日,1069,37千米/时,08颗
11141.519,4048.103,013950,17年05月10日,1070,37千米/时,09颗
11141.516,4048.108,013951,17年05月10日,1070,37千米/时,09颗
11141.513,4048.113,013952,17年05月10日,1070,38千米/时,09颗
11141.510,4048.119,013953,17年05月10日,1070,38千米/时,09颗
11141.505,4048.131,013955,17年05月10日,1070,38千米/时,09颗
11141.505,4048.131,013955,17年05月10日,1069,38千米/时,09颗
11141.502,4048.137,013956,17年05月10日,1069,40千米/时,09颗
11141.499,4048.142,013957,17年05月10日,1070,38千米/时,10颗
11141.496,4048.148,013958,17年05月10日,1070,37千米/时,10颗
11141.494,4048.153,013959,17年05月10日,1070,35千米/时,10颗
11141.492,4048.158,014000,17年05月10日,1070,33千米/时,10颗
11141.488,4048.168,014002,17年05月10日,1070,33千米/时,10颗
11141.488,4048.168,014002,17年05月10日,1069,33千米/时,10颗
11141.483,4048.178,014004,17年05月10日,1069,33千米/时,10颗
11141.483,4048.178,014004,17年05月10日,1070,33千米/时,10颗
11141.481,4048.183,014005,17年05月10日,1069,33千米/时,10颗
11141.478,4048.189,014006,17年05月10日,1069,33千米/时,10颗
11141.476,4048.193,014007,17年05月10日,1069,33千米/时,10颗
11141.473,4048.198,014008,17年05月10日,1069,31千米/时,10颗
11141.471,4048.203,014009,17年05月10日,1070,31千米/时,10颗
11141.469,4048.207,014010,17年05月10日,1070,31千米/时,10颗
11141.466,4048.212,014011,17年05月10日,1070,31千米/时,10颗
11141.464,4048.216,014012,17年05月10日,1070,29千米/时,10颗
11141.462,4048.221,014013,17年05月10日,1070,29千米/时,10颗
11141.460,4048.225,014014,17年05月10日,1070,31千米/时,10颗
11141.455,4048.235,014016,17年05月10日,1071,35千米/时,10颗
11141.455,4048.235,014016,17年05月10日,1070,35千米/时,10颗
11141.452,4048.240,014017,17年05月10日,1071,37千米/时,10颗
11141.447,4048.250,014019,17年05月10日,1071,33千米/时,10颗
11141.447,4048.250,014019,17年05月10日,1071,33千米/时,10颗
11141.445,4048.255,014020,17年05月10日,1071,29千米/时,10颗
11141.441,4048.262,014022,17年05月10日,1071,24千米/时,10颗
11141.441,4048.262,014022,17年05月10日,1071,24千米/时,10颗
11141.439,4048.265,014023,17年05月10日,1071,20千米/时,10颗
11141.438,4048.268,014024,17年05月10日,1071,16千米/时,10颗
11141.438,4048.270,014025,17年05月10日,1071,9千米/时,10颗
11141.438,4048.272,014026,17年05月10日,1070,3千米/时,10颗
11141.438,4048.273,014028,17年05月10日,1070,0千米/时,10颗
11141.438,4048.273,014029,17年05月10日,1070,0千米/时,10颗
11141.438,4048.273,014029,17年05月10日,1070,0千米/时,10颗
11141.438,4048.273,014030,17年05月10日,1070,0千米/时,10颗
11141.437,4048.273,014031,17年05月10日,1070,0千米/时,10颗
11141.437,4048.273,014032,17年05月10日,1070,0千米/时,10颗
11141.437,4048.273,014034,17年05月10日,1070,0千米/时,10颗
11141.437,4048.273,014034,17年05月10日,1070,0千米/时,10颗
11141.437,4048.273,014035,17年05月10日,1070,0千米/时,10颗
11141.437,4048.273,014036,17年05月10日,1070,0千米/时,10颗
11141.436,4048.273,014037,17年05月10日,1070,0千米/时,10颗
11141.436,4048.273,014038,17年05月10日,1070,0千米/时,10颗
11141.436,4048.273,014039,17年05月10日,1070,0千米/时,10颗
11141.436,4048.273,014040,17年05月10日,1070,0千米/时,10颗
11141.436,4048.273,014041,17年05月10日,1070,3千米/时,10颗
11141.435,4048.273,014042,17年05月10日,1070,5千米/时,10颗
11141.434,4048.272,014043,17年05月10日,1069,7千米/时,10颗
11141.433,4048.270,014044,17年05月10日,1069,9千米/时,10颗
11141.434,4048.268,014045,17年05月10日,1068,14千米/时,10颗
11141.436,4048.266,014046,17年05月10日,1068,16千米/时,10颗
11141.437,4048.263,014047,17年05月10日,1067,18千米/时,10颗
11141.439,4048.260,014048,17年05月10日,1066,20千米/时,10颗
11141.440,4048.257,014049,17年05月10日,1065,22千米/时,10颗
11141.442,4048.254,014050,17年05月10日,1065,24千米/时,09颗
11141.444,4048.250,014051,17年05月10日,1064,24千米/时,09颗
11141.445,4048.247,014052,17年05月10日,1064,24千米/时,09颗
11141.447,4048.243,014053,17年05月10日,1063,25千米/时,10颗
11141.448,4048.240,014054,17年05月10日,1062,25千米/时,09颗
11141.450,4048.236,014055,17年05月10日,1062,25千米/时,09颗
11141.451,4048.232,014056,17年05月10日,1061,24千米/时,09颗
11141.452,4048.229,014057,17年05月10日,1060,22千米/时,10颗
11141.453,4048.226,014058,17年05月10日,1060,20千米/时,10颗
11141.454,4048.223,014059,17年05月10日,1059,14千米/时,10颗
11141.454,4048.220,014100,17年05月10日,1058,11千米/时,10颗
11141.454,4048.219,014101,17年05月10日,1058,7千米/时,10颗
11141.454,4048.218,014102,17年05月10日,1058,5千米/时,10颗
11141.454,4048.217,014103,17年05月10日,1057,5千米/时,10颗
11141.453,4048.216,014104,17年05月10日,1057,5千米/时,10颗
11141.452,4048.215,014105,17年05月10日,1056,5千米/时,10颗
11141.451,4048.214,014106,17年05月10日,1056,5千米/时,10颗
11141.450,4048.214,014107,17年05月10日,1055,7千米/时,10颗
11141.449,4048.213,014108,17年05月10日,1055,7千米/时,10颗
11141.447,4048.213,014109,17年05月10日,1055,7千米/时,10颗
11141.445,4048.212,014110,17年05月10日,1054,7千米/时,10颗
11141.444,4048.212,014111,17年05月10日,1054,7千米/时,10颗
11141.442,4048.211,014112,17年05月10日,1054,5千米/时,10颗
11141.442,4048.211,014113,17年05月10日,1053,0千米/时,10颗
11141.441,4048.211,014115,17年05月10日,1054,0千米/时,10颗
11141.441,4048.211,014115,17年05月10日,1054,0千米/时,10颗
11141.441,4048.211,014116,17年05月10日,1054,0千米/时,10颗
11141.441,4048.211,014117,17年05月10日,1054,0千米/时,10颗
11141.441,4048.211,014118,17年05月10日,1054,0千米/时,10颗
11141.441,4048.211,014119,17年05月10日,1054,0千米/时,10颗
11141.440,4048.210,014120,17年05月10日,1054,0千米/时,10颗
11141.438,4048.211,014121,17年05月10日,1054,14千米/时,10颗
11141.430,4048.212,014123,17年05月10日,1053,18千米/时,10颗
11141.425,4048.212,014124,17年05月10日,1053,18千米/时,09颗
11141.425,4048.212,014124,17年05月10日,1053,18千米/时,10颗
11141.421,4048.212,014125,17年05月10日,1053,18千米/时,10颗
11141.417,4048.211,014126,17年05月10日,1053,16千米/时,10颗
11141.414,4048.210,014127,17年05月10日,1052,14千米/时,10颗
11141.412,4048.208,014128,17年05月10日,1052,12千米/时,10颗
11141.410,4048.207,014129,17年05月10日,1052,11千米/时,10颗
11141.409,4048.205,014130,17年05月10日,1053,11千米/时,10颗
11141.408,4048.203,014131,17年05月10日,1053,9千米/时,10颗
11141.409,4048.201,014132,17年05月10日,1052,11千米/时,10颗
11141.409,4048.199,014133,17年05月10日,1052,12千米/时,10颗
11141.410,4048.197,014134,17年05月10日,1052,16千米/时,10颗
11141.411,4048.195,014135,17年05月10日,1051,18千米/时,10颗
11141.412,4048.192,014136,17年05月10日,1051,18千米/时,10颗
11141.413,4048.189,014137,17年05月10日,1051,18千米/时,10颗
11141.414,4048.186,014138,17年05月10日,1051,18千米/时,10颗
11141.417,4048.180,014140,17年05月10日,1051,20千米/时,10颗
11141.417,4048.180,014140,17年05月10日,1050,20千米/时,10颗
11141.418,4048.177,014141,17年05月10日,1050,22千米/时,10颗
11141.420,4048.173,014142,17年05月10日,1049,22千米/时,10颗
11141.423,4048.166,014144,17年05月10日,1049,24千米/时,10颗
11141.423,4048.166,014144,17年05月10日,1049,24千米/时,10颗
11141.425,4048.163,014145,17年05月10日,1048,24千米/时,10颗
11141.427,4048.156,014147,17年05月10日,1048,22千米/时,10颗
11141.429,4048.152,014148,17年05月10日,1047,24千米/时,10颗
11141.429,4048.152,014148,17年05月10日,1047,24千米/时,10颗
11141.430,4048.149,014149,17年05月10日,1046,24千米/时,10颗
11141.432,4048.145,014150,17年05月10日,1046,24千米/时,10颗
11141.433,4048.142,014151,17年05月10日,1046,25千米/时,10颗
11141.435,4048.138,014152,17年05月10日,1046,25千米/时,10颗
11141.437,4048.134,014153,17年05月10日,1045,24千米/时,10颗
11141.438,4048.130,014154,17年05月10日,1045,24千米/时,10颗
11141.440,4048.126,014155,17年05月10日,1045,22千米/时,10颗
11141.442,4048.123,014156,17年05月10日,1045,22千米/时,10颗
11141.443,4048.120,014157,17年05月10日,1044,22千米/时,10颗
11141.444,4048.117,014158,17年05月10日,1044,20千米/时,10颗
11141.446,4048.114,014159,17年05月10日,1044,20千米/时,10颗
11141.447,4048.111,014200,17年05月10日,1043,20千米/时,10颗
11141.448,4048.108,014201,17年05月10日,1043,20千米/时,10颗
11141.450,4048.105,014202,17年05月10日,1043,20千米/时,10颗
11141.451,4048.102,014203,17年05月10日,1042,20千米/时,09颗
11141.452,4048.098,014204,17年05月10日,1042,20千米/时,10颗
11141.453,4048.096,014205,17年05月10日,1042,18千米/时,10颗
11141.453,4048.093,014206,17年05月10日,1042,16千米/时,10颗
11141.452,4048.091,014207,17年05月10日,1041,16千米/时,10颗
11141.451,4048.088,014208,17年05月10日,1041,14千米/时,10颗
11141.449,4048.087,014209,17年05月10日,1041,12千米/时,10颗
11141.446,4048.086,014210,17年05月10日,1041,14千米/时,10颗
11141.443,4048.085,014211,17年05月10日,1042,16千米/时,10颗
11141.436,4048.083,014213,17年05月10日,1042,14千米/时,10颗
11141.433,4048.082,014214,17年05月10日,1042,14千米/时,10颗
11141.433,4048.082,014214,17年05月10日,1041,14千米/时,10颗
11141.431,4048.081,014215,17年05月10日,1041,12千米/时,10颗
11141.428,4048.081,014216,17年05月10日,1041,12千米/时,10颗
11141.423,4048.079,014218,17年05月10日,1041,12千米/时,10颗
11141.423,4048.079,014218,17年05月10日,1041,12千米/时,10颗
11141.419,4048.078,014220,17年05月10日,1041,9千米/时,10颗
11141.419,4048.078,014220,17年05月10日,1042,9千米/时,10颗
11141.417,4048.077,014221,17年05月10日,1042,5千米/时,10颗
11141.414,4048.076,014223,17年05月10日,1042,7千米/时,10颗
11141.414,4048.076,014223,17年05月10日,1042,7千米/时,10颗
11141.413,4048.076,014224,17年05月10日,1042,5千米/时,10颗
11141.411,4048.075,014226,17年05月10日,1042,5千米/时,10颗
11141.411,4048.075,014226,17年05月10日,1043,5千米/时,10颗
11141.408,4048.075,014228,17年05月10日,1043,5千米/时,10颗
11141.408,4048.075,014228,17年05月10日,1044,5千米/时,10颗
11141.404,4048.074,014230,17年05月10日,1044,5千米/时,10颗
11141.402,4048.074,014231,17年05月10日,1044,5千米/时,10颗
11141.401,4048.075,014232,17年05月10日,1045,5千米/时,10颗
11141.401,4048.075,014232,17年05月10日,1045,5千米/时,10颗
11141.400,4048.076,014233,17年05月10日,1046,7千米/时,10颗
11141.400,4048.078,014235,17年05月10日,1046,3千米/时,10颗
11141.400,4048.078,014235,17年05月10日,1047,3千米/时,10颗
11141.401,4048.079,014237,17年05月10日,1047,3千米/时,10颗
11141.401,4048.079,014237,17年05月10日,1047,3千米/时,10颗
11141.402,4048.080,014239,17年05月10日,1048,3千米/时,10颗
11141.402,4048.080,014239,17年05月10日,1048,3千米/时,10颗
11141.403,4048.080,014240,17年05月10日,1048,1千米/时,10颗
11141.403,4048.080,014241,17年05月10日,1049,1千米/时,10颗
11141.404,4048.080,014242,17年05月10日,1049,1千米/时,10颗
11141.405,4048.080,014244,17年05月10日,1049,1千米/时,10颗
11141.405,4048.080,014244,17年05月10日,1049,1千米/时,10颗
11141.405,4048.081,014245,17年05月10日,1049,1千米/时,10颗
11141.407,4048.081,014247,17年05月10日,1049,1千米/时,10颗
11141.407,4048.081,014247,17年05月10日,1049,1千米/时,10颗
11141.407,4048.081,014249,17年05月10日,1050,0千米/时,10颗
11141.407,4048.081,014250,17年05月10日,1050,0千米/时,10颗
11141.407,4048.081,014250,17年05月10日,1050,0千米/时,10颗
11141.408,4048.081,014252,17年05月10日,1050,0千米/时,10颗
11141.408,4048.081,014253,17年05月10日,1050,0千米/时,10颗
11141.408,4048.081,014253,17年05月10日,1050,0千米/时,10颗
11141.408,4048.081,014255,17年05月10日,1050,0千米/时,10颗
11141.408,4048.081,014256,17年05月10日,1050,0千米/时,10颗
11141.408,4048.081,014256,17年05月10日,1050,0千米/时,10颗
11141.408,4048.081,014258,17年05月10日,1050,0千米/时,10颗
11141.408,4048.081,014258,17年05月10日,1050,0千米/时,10颗
11141.408,4048.081,014300,17年05月10日,1050,0千米/时,09颗
11141.408,4048.081,014300,17年05月10日,1050,0千米/时,09颗
11141.408,4048.081,014302,17年05月10日,1050,0千米/时,09颗
11141.408,4048.081,014303,17年05月10日,1050,0千米/时,09颗
11141.408,4048.081,014303,17年05月10日,1050,0千米/时,09颗
11141.408,4048.081,014305,17年05月10日,1050,0千米/时,09颗
11141.408,4048.081,014305,17年05月10日,1050,0千米/时,09颗
11141.408,4048.081,014306,17年05月10日,1050,0千米/时,09颗
11141.408,4048.081,014307,17年05月10日,1050,0千米/时,09颗
11141.408,4048.081,014309,17年05月10日,1050,0千米/时,09颗
11141.408,4048.081,014310,17年05月10日,1050,0千米/时,09颗
11141.408,4048.081,014310,17年05月10日,1050,0千米/时,09颗
